	chromosome	rsid	snpid	position	gene	region	pvalue
103	2	rs12466468	SNP_A-4192816	226382951	NYAP2	intron	7.268e-06
110	2	rs16828074	SNP_A-2045393	232318754	NCL	UTR-3	1.119e-08
125	3	rs145603944	exm2057097	52269066	TWF2	EXON	1.235e-07
246	5	rs6453417	SNP_A-2211241	78110532	ARSB	intron	7.358e-06
452	11	rs57724831	exm2218542	3691024	CHRNA10		1.919e-06
480	11	rs45525440	exm957425	115085467	CADM1	EXON	7.925e-08
481	11	rs4245040	SNP_A-2303854	120520629	GRIK4	intron	9.445e-06
698	18	rs17232800	SNP_A-8445206	66292259	TMX3	downstream	2.419e-06
704	18	rs7227628	SNP_A-8379893	66318982	TMX3	downstream	6.6389999999999995e-06
706	18	rs507533	SNP_A-4194977	66321165	TMX3	downstream	6.94e-06
